date|team|fb_stats|twitter_stats
20110223|Los Angeles Lakers|+ 3,029 Today 6,171,157|" 1,826,274
"
20110223|Boston Celtics|+ 1,725 Today 3,303,150|" 131,035
"
20110223|NBA|+ 1,256 Today 7,493,288|" 2,313,635
"
20110223|Chicago Bulls|+ 1,036 Today 1,304,190|" 78,762
"
20110223|Miami Heat|+ 1,019 Today 1,552,635|" 107,396
"
20110223|New York Knicks|+ 787 Today 448,190|" 66,119
"
20110223|San Antonio Spurs|+ 330 Today 465,794|" 47,973
"
20110223|Orlando Magic|+ 260 Today 613,888|" 1,044,100
"
20110223|Phoenix Suns|+ 201 Today 341,101|" 55,177
"
20110223|Dallas Mavericks|+ 192 Today 355,538|" 41,219
"
20110223|Los Angeles Clippers|+ 141 Today 55,776|" 29,095
"
20110223|Denver Nuggets|+ 132 Today 464,025|" 35,880
"
20110223|Oklahoma City Thunder|+ 130 Today 269,490|" 30,079
"
20110223|Houston Rockets|+ 115 Today 256,696|" 38,570
"
20110223|Cleveland Cavaliers|+ 84 Today 624,944|" 61,353
"
20110223|Portland Trail Blazers|+ 74 Today 215,927|" 27,395
"
20110223|Sacramento Kings|+ 71 Today 98,106|" 21,332
"
20110223|Utah Jazz|+ 68 Today 203,135|" 31,878
"
20110223|Golden State Warriors|+ 67 Today 168,222|" 20,674
"
20110223|Philadelphia 76ers|+ 63 Today 117,560|" 25,575
"
20110514|Los Angeles Lakers|+ 15,746 Today 8,176,335|" 2,024,030
"
20110514|Chicago Bulls|+ 13,201 Today 2,249,821|" 135,289
"
20110514|Miami Heat|+ 13,140 Today 2,416,066|" 168,732
"
20110514|NBA|+ 11,668 Today 8,599,225|" 2,560,015
"
20110514|Boston Celtics|+ 9,496 Today 4,296,452|" 192,157
"
20110514|Dallas Mavericks|+ 3,171 Today 518,212|" 58,494
"
20110514|Oklahoma City Thunder|+ 2,692 Today 442,952|" 45,625
"
20110514|Orlando Magic|+ 1,626 Today 835,025|" 1,068,462
"
20110514|San Antonio Spurs|+ 1,220 Today 672,005|" 61,104
"
20110514|New York Knicks|+ 962 Today 953,137|" 100,652
"
20110514|Houston Rockets|+ 799 Today 327,072|" 44,051
"
20110514|Atlanta Hawks|+ 769 Today 142,576|" 25,453
"
20110514|Phoenix Suns|+ 738 Today 456,729|" 63,322
"
20110514|Denver Nuggets|+ 603 Today 557,545|" 43,416
"
20110514|Cleveland Cavaliers|+ 564 Today 688,151|" 66,680
"
20110514|Portland Trail Blazers|+ 387 Today 271,394|" 35,248
"
20110514|Memphis Grizzlies|+ 377 Today 74,012|" 31,630
"
20110514|Golden State Warriors|+ 353 Today 216,466|" 31,879
"
20110514|Toronto Raptors|+ 352 Today 214,805|" 32,125
"
20110514|Detroit Pistons|+ 311 Today 264,218|" 27,847
"
20110727|Los Angeles Lakers|+ 4,393 Today 9,721,673|" 2,122,250
"
20110727|NBA|+ 3,878 Today 10,213,575|" 2,755,064
"
20110727|Chicago Bulls|+ 2,661 Today 3,260,331|" 172,358
"
20110727|Boston Celtics|+ 1,950 Today 5,090,923|" 215,532
"
20110727|Miami Heat|+ 1,572 Today 3,434,086|" 257,119
"
20110727|Dallas Mavericks|+ 1,369 Today 1,395,686|" 107,887
"
20110727|Orlando Magic|+ 345 Today 1,010,838|" 1,067,336
"
20110727|San Antonio Spurs|+ 328 Today 802,736|" 67,321
"
20110727|New York Knicks|+ 318 Today 1,056,416|" 113,347
"
20110727|Oklahoma City Thunder|+ 220 Today 637,036|" 58,971
"
20110727|Phoenix Suns|+ 175 Today 533,686|" 69,832
"
20110727|Houston Rockets|+ 144 Today 391,492|" 49,188
"
20110727|New Jersey Nets|+ 143 Today 133,807|" 54,249
"
20110727|Cleveland Cavaliers|+ 123 Today 748,150|" 72,753
"
20110727|Denver Nuggets|+ 121 Today 619,425|" 47,220
"
20110727|Golden State Warriors|+ 100 Today 250,272|" 40,115
"
20110727|Portland Trail Blazers|+ 89 Today 309,410|" 40,018
"
20110727|Toronto Raptors|+ 72 Today 240,833|" 36,800
"
20110727|Utah Jazz|+ 66 Today 268,422|" 42,722
"
20110727|Detroit Pistons|+ 65 Today 310,026|" 33,014
"
20120603|Los Angeles Lakers|+ 14,821 Today 13,608,553|" 2,559,092
"
20120603|NBA|+ 12,014 Today 13,365,417|" 5,190,860
"
20120603|Miami Heat|+ 10,904 Today 5,822,175|" 626,873
"
20120603|Chicago Bulls|+ 9,862 Today 6,341,208|" 468,389
"
20120603|Boston Celtics|+ 4,047 Today 6,529,310|" 550,537
"
20120603|New York Knicks|+ 3,635 Today 2,650,279|" 338,653
"
20120603|Oklahoma City Thunder|+ 2,660 Today 1,105,880|" 210,653
"
20120603|San Antonio Spurs|+ 2,353 Today 1,254,887|" 162,278
"
20120603|Dallas Mavericks|+ 1,926 Today 2,210,226|" 204,681
"
20120603|Orlando Magic|+ 1,923 Today 1,473,044|" 1,075,048
"
20120603|Los Angeles Clippers|+ 758 Today 327,576|" 136,047
"
20120603|Denver Nuggets|+ 524 Today 831,520|" 97,531
"
20120603|Houston Rockets|+ 347 Today 523,244|" 90,767
"
20120603|Philadelphia 76ers|+ 331 Today 261,671|" 105,545
"
20120603|New Jersey Nets|+ 330 Today 268,708|" 109,069
"
20120603|Phoenix Suns|+ 311 Today 721,003|" 119,065
"
20120603|Cleveland Cavaliers|+ 305 Today 882,661|" 111,087
"
20120603|Indiana Pacers|+ 288 Today 177,531|" 82,739
"
20120603|Atlanta Hawks|+ 284 Today 248,460|" 71,181
"
20120603|Toronto Raptors|+ 260 Today 344,278|" 82,322
"
20120708|NBA|+ 1,918 Today 13,871,948|" 5,564,629
"
20120708|Los Angeles Lakers|+ 1,068 Today 14,102,261|" 2,608,842
"
20120708|Miami Heat|+ 767 Today 6,459,368|" 792,201
"
20120708|Oklahoma City Thunder|+ 576 Today 1,385,712|" 280,990
"
20120708|Chicago Bulls|+ 517 Today 6,668,612|" 492,404
"
20120708|Boston Celtics|+ 228 Today 6,672,761|" 635,621
"
20120708|New York Knicks|+ 117 Today 2,817,621|" 357,240
"
20120708|Dallas Mavericks|+ 111 Today 2,264,018|" 214,201
"
20120708|Orlando Magic|+ 88 Today 1,526,811|" 1,080,227
"
20120708|San Antonio Spurs|+ 84 Today 1,315,185|" 177,376
"
20120708|Los Angeles Clippers|+ 45 Today 352,869|" 146,358
"
20120708|Philadelphia 76ers|+ 31 Today 272,661|" 113,081
"
20120708|Detroit Pistons|+ 30 Today 441,076|" 81,889
"
20120708|Atlanta Hawks|+ 30 Today 259,485|" 76,858
"
20120708|Cleveland Cavaliers|+ 29 Today 890,974|" 117,638
"
20120708|Phoenix Suns|+ 26 Today 728,167|" 126,195
"
20120708|New Jersey Nets|+ 25 Today 282,755|" 123,723
"
20120708|Toronto Raptors|+ 24 Today 352,108|" 90,009
"
20120708|New Orleans Hornets|+ 24 Today 259,135|" 71,079
"
20120708|Houston Rockets|+ 23 Today 535,257|" 98,221
"
20130222|NBA|+ 960 Today 15,843,580|" 6,706,674
"
20130222|Miami Heat|+ 565 Today 7,634,022|" 1,062,517
"
20130222|Chicago Bulls|+ 474 Today 8,251,240|" 675,485
"
20130222|Los Angeles Lakers|+ 363 Today 16,076,344|" 2,972,987
"
20130222|Oklahoma City Thunder|+ 182 Today 1,872,172|" 414,742
"
20130222|Brooklyn Nets|+ 179 Today 803,964|" 227,945
"
20130222|New York Knicks|+ 174 Today 3,477,889|" 523,583
"
20130222|Dallas Mavericks|+ 137 Today 2,491,441|" 275,375
"
20130222|Orlando Magic|+ 108 Today 1,722,902|" 1,091,440
"
20130222|San Antonio Spurs|+ 55 Today 1,463,297|" 256,082
"
20130222|Los Angeles Clippers|+ 55 Today 667,022|" 250,801
"
20130222|Cleveland Cavaliers|+ 48 Today 939,971|" 164,697
"
20130222|Denver Nuggets|+ 44 Today 930,087|" 152,462
"
20130222|Boston Celtics|+ 35 Today 6,890,032|" 972,999
"
20130222|Houston Rockets|+ 34 Today 643,073|" 174,864
"
20130222|Phoenix Suns|+ 30 Today 751,990|" 160,391
"
20130222|Detroit Pistons|+ 27 Today 465,424|" 127,450
"
20130222|Golden State Warriors|+ 12 Today 397,707|" 161,250
"
20130222|Charlotte Bobcats|+ 10 Today 163,311|" 106,466
"
20130222|Atlanta Hawks|+ 9 Today 296,771|" 116,195
"
20130526|NBA|+ 5,974 Today 16,792,476|" 7,194,701
"
20130526|Miami Heat|+ 4,695 Today 8,088,316|" 1,308,249
"
20130526|Indiana Pacers|+ 3,491 Today 278,834|" 180,449
"
20130526|Chicago Bulls|+ 2,456 Today 8,654,274|" 817,917
"
20130526|Los Angeles Lakers|+ 870 Today 16,338,373|" 3,130,232
"
20130526|San Antonio Spurs|+ 868 Today 1,548,929|" 320,911
"
20130526|Memphis Grizzlies|+ 588 Today 251,438|" 166,706
"
20130526|New York Knicks|+ 529 Today 3,722,954|" 629,088
"
20130526|Los Angeles Clippers|+ 520 Today 755,001|" 313,909
"
20130526|Oklahoma City Thunder|+ 367 Today 2,031,570|" 510,248
"
20130526|Golden State Warriors|+ 337 Today 462,952|" 222,535
"
20130526|Orlando Magic|+ 287 Today 1,790,810|" 1,103,757
"
20130526|Brooklyn Nets|+ 254 Today 1,007,061|" 264,438
"
20130526|Cleveland Cavaliers|+ 242 Today 974,287|" 193,833
"
20130526|Denver Nuggets|+ 233 Today 988,542|" 191,339
"
20130526|Dallas Mavericks|+ 227 Today 2,552,938|" 304,706
"
20130526|Houston Rockets|+ 220 Today 687,857|" 219,467
"
20130526|Minnesota Timberwolves|+ 192 Today 291,761|" 159,679
"
20130526|Philadelphia 76ers|+ 156 Today 326,757|" 191,247
"
20130526|Atlanta Hawks|+ 153 Today 316,621|" 134,687
"
20130807|NBA|+ 17,797 Today 17,683,154|" 7,840,199
"
20130807|Los Angeles Lakers|+ 12,971 Today 16,552,297|" 3,269,234
"
20130807|Boston Celtics|+ 3,476 Today 6,941,052|" 1,189,212
"
20130807|Miami Heat|+ 3,304 Today 8,533,558|" 1,732,616
"
20130807|Orlando Magic|+ 1,222 Today 1,819,708|" 1,120,224
"
20130807|New York Knicks|+ 1,184 Today 3,795,981|" 702,939
"
20130807|Denver Nuggets|+ 898 Today 1,012,311|" 217,704
"
20130807|Chicago Bulls|+ 842 Today 8,888,605|" 964,793
"
20130807|San Antonio Spurs|+ 819 Today 1,782,859|" 431,344
"
20130807|Cleveland Cavaliers|+ 765 Today 995,057|" 221,535
"
20130807|Dallas Mavericks|+ 659 Today 2,579,298|" 331,070
"
20130807|Oklahoma City Thunder|+ 623 Today 2,075,567|" 559,476
"
20130807|Golden State Warriors|+ 418 Today 490,486|" 253,920
"
20130807|Portland Trail Blazers|+ 348 Today 455,885|" 179,782
"
20130807|Phoenix Suns|+ 326 Today 784,997|" 198,258
"
20130807|Toronto Raptors|+ 319 Today 414,883|" 230,755
"
20130807|Utah Jazz|+ 306 Today 396,027|" 190,687
"
20130807|Detroit Pistons|+ 285 Today 504,870|" 177,944
"
20130807|Los Angeles Clippers|+ 276 Today 798,934|" 366,285
"
20130807|Philadelphia 76ers|+ 252 Today 343,477|" 217,256
"
20130928|Chicago Bulls|+ 6,713 Today 9,222,498|" 1,065,520
"
20130928|NBA|+ 5,201 Today 18,010,351|" 8,293,501
"
20130928|Los Angeles Lakers|+ 2,855 Today 16,769,426|" 3,380,121
"
20130928|Los Angeles Clippers|+ 2,710 Today 893,460|" 396,541
"
20130928|Boston Celtics|+ 1,905 Today 7,009,997|" 1,239,036
"
20130928|Miami Heat|+ 1,844 Today 8,664,108|" 1,850,538
"
20130928|Oklahoma City Thunder|+ 1,781 Today 2,168,626|" 592,833
"
20130928|New York Knicks|+ 1,516 Today 3,857,274|" 752,813
"
20130928|Memphis Grizzlies|+ 1,468 Today 312,686|" 205,056
"
20130928|Houston Rockets|+ 1,414 Today 776,577|" 280,161
"
20130928|Orlando Magic|+ 1,387 Today 1,866,995|" 1,129,477
"
20130928|Atlanta Hawks|+ 1,241 Today 382,450|" 161,631
"
20130928|Minnesota Timberwolves|+ 1,210 Today 352,319|" 186,447
"
20130928|Sacramento Kings|+ 1,198 Today 303,117|" 168,356
"
20130928|San Antonio Spurs|+ 1,031 Today 1,847,156|" 464,296
"
20130928|Philadelphia 76ers|+ 1,022 Today 373,864|" 232,074
"
20130928|Golden State Warriors|+ 1,002 Today 544,028|" 273,125
"
20130928|Charlotte Bobcats|+ 997 Today 215,348|" 155,521
"
20130928|Milwaukee Bucks|+ 969 Today 308,175|" 168,330
"
20130928|Cleveland Cavaliers|+ 964 Today 1,035,830|" 237,007
"
20140109|Chicago Bulls|+ 7,398 Today 10,639,366|" 1,279,277
"
20140109|Los Angeles Lakers|+ 5,918 Today 17,735,076|" 3,573,423
"
20140109|Miami Heat|+ 5,383 Today 9,514,812|" 2,124,411
"
20140109|NBA|+ 4,521 Today 19,192,583|" 9,043,862
"
20140109|Oklahoma City Thunder|+ 3,504 Today 2,749,652|" 658,577
"
20140109|Golden State Warriors|+ 3,501 Today 950,199|" 327,368
"
20140109|Los Angeles Clippers|+ 3,087 Today 1,442,419|" 457,420
"
20140109|Houston Rockets|+ 2,908 Today 1,256,171|" 334,975
"
20140109|San Antonio Spurs|+ 2,858 Today 2,271,068|" 523,116
"
20140109|Boston Celtics|+ 2,565 Today 7,365,938|" 1,336,316
"
20140109|Indiana Pacers|+ 2,548 Today 828,080|" 303,416
"
20140109|Portland Trail Blazers|+ 1,925 Today 749,842|" 224,702
"
20140109|New York Knicks|+ 1,773 Today 4,158,437|" 829,336
"
20140109|Minnesota Timberwolves|+ 1,677 Today 575,284|" 212,848
"
20140109|Memphis Grizzlies|+ 1,668 Today 586,881|" 230,380
"
20140109|Denver Nuggets|+ 1,662 Today 1,261,028|" 255,930
"
20140109|Phoenix Suns|+ 1,410 Today 1,069,628|" 238,902
"
20140109|Philadelphia 76ers|+ 1,325 Today 547,427|" 265,459
"
20140109|Cleveland Cavaliers|+ 1,310 Today 1,254,755|" 271,403
"
20140109|Sacramento Kings|+ 1,296 Today 496,910|" 190,720
"
20140328|Miami Heat|+ 13,297 Today 11,591,196|" 2,341,544
"
20140328|NBA|+ 12,976 Today 20,922,124|" 9,686,224
"
20140328|Chicago Bulls|+ 9,421 Today 13,273,043|" 1,433,492
"
20140328|Los Angeles Lakers|+ 5,560 Today 19,158,910|" 3,702,668
"
20140328|New York Knicks|+ 4,175 Today 4,715,995|" 890,867
"
20140328|San Antonio Spurs|+ 3,811 Today 3,027,219|" 570,053
"
20140328|Indiana Pacers|+ 3,703 Today 1,600,330|" 357,647
"
20140328|Los Angeles Clippers|+ 3,252 Today 2,124,302|" 509,084
"
20140328|Oklahoma City Thunder|+ 3,232 Today 3,687,876|" 729,393
"
20140328|Houston Rockets|+ 3,105 Today 1,782,412|" 380,956
"
20140328|Dallas Mavericks|+ 2,566 Today 3,138,432|" 406,109
"
20140328|Golden State Warriors|+ 1,957 Today 1,584,071|" 374,872
"
20140328|Brooklyn Nets|+ 1,796 Today 1,730,126|" 410,434
"
20140328|Boston Celtics|+ 1,613 Today 8,041,163|" 1,397,582
"
20140328|Portland Trail Blazers|+ 1,272 Today 1,188,055|" 256,478
"
20140328|Cleveland Cavaliers|+ 1,096 Today 1,506,992|" 300,750
"
20140328|Memphis Grizzlies|+ 1,026 Today 933,383|" 252,885
"
20140328|Minnesota Timberwolves|+ 1,021 Today 906,608|" 236,077
"
20140328|Phoenix Suns|+ 848 Today 1,351,935|" 266,560
"
20140328|Philadelphia 76ers|+ 774 Today 840,849|" 297,053
"
20140803|NBA|+ 11,816 Today 25,044,641|" 10,833,501
"
20140803|Miami Heat|+ 6,278 Today 15,276,737|" 2,699,583
"
20140803|Chicago Bulls|+ 3,025 Today 15,503,696|" 1,632,189
"
20140803|Los Angeles Lakers|+ 2,599 Today 20,829,522|" 3,920,427
"
20140803|San Antonio Spurs|+ 2,539 Today 4,922,110|" 756,711
"
20140803|Golden State Warriors|+ 2,528 Today 2,308,914|" 450,121
"
20140803|Indiana Pacers|+ 1,942 Today 2,451,414|" 440,121
"
20140803|Oklahoma City Thunder|+ 1,599 Today 4,917,718|" 862,546
"
20140803|Cleveland Cavaliers|+ 1,434 Today 1,943,241|" 412,652
"
20140803|Los Angeles Clippers|+ 735 Today 2,678,101|" 598,011
"
20140803|Dallas Mavericks|+ 725 Today 3,720,261|" 473,074
"
20140803|Brooklyn Nets|+ 659 Today 2,195,195|" 471,272
"
20140803|Toronto Raptors|+ 653 Today 1,176,077|" 487,404
"
20140803|Houston Rockets|+ 637 Today 2,430,280|" 450,759
"
20140803|New York Knicks|+ 591 Today 5,325,889|" 987,448
"
20140803|Boston Celtics|+ 587 Today 8,479,624|" 1,488,459
"
20140803|Portland Trail Blazers|+ 576 Today 1,639,375|" 314,579
"
20140803|Washington Wizards|+ 453 Today 708,259|" 272,881
"
20140803|Charlotte Bobcats|+ 432 Today 897,828|" 246,700
"
20140803|Memphis Grizzlies|+ 399 Today 1,159,221|" 293,081
"
20150220|Chicago Bulls|+ 9,051 Today 17,888,812|" 1,993,679
"
20150220|NBA|+ 4,778 Today 27,361,174|" 13,092,858
"
20150220|Miami Heat|+ 4,697 Today 16,381,981|" 2,924,610
"
20150220|Los Angeles Lakers|+ 4,326 Today 22,316,828|" 4,202,452
"
20150220|Cleveland Cavaliers|+ 3,918 Today 3,269,911|" 641,414
"
20150220|Oklahoma City Thunder|+ 2,789 Today 5,500,908|" 994,865
"
20150220|San Antonio Spurs|+ 2,625 Today 5,655,155|" 904,845
"
20150220|Minnesota Timberwolves|+ 2,460 Today 1,344,920|" 320,345
"
20150220|Dallas Mavericks|+ 1,959 Today 4,216,769|" 609,086
"
20150220|New York Knicks|+ 1,704 Today 5,745,658|" 1,135,490
"
20150220|Houston Rockets|+ 1,692 Today 2,870,011|" 590,603
"
20150220|Boston Celtics|+ 1,611 Today 8,916,312|" 1,635,915
"
20150220|Indiana Pacers|+ 1,534 Today 2,831,648|" 525,284
"
20150220|Los Angeles Clippers|+ 1,525 Today 3,091,008|" 689,922
"
20150220|Golden State Warriors|+ 1,486 Today 2,782,057|" 615,148
"
20150220|Portland Trail Blazers|+ 1,344 Today 1,964,994|" 408,152
"
20150220|Brooklyn Nets|+ 1,324 Today 2,518,876|" 534,075
"
20150220|Toronto Raptors|+ 1,303 Today 1,559,631|" 680,475
"
20150220|Charlotte Bobcats|+ 1,242 Today 1,218,249|" 346,054
"
20150220|Atlanta Hawks|+ 1,159 Today 1,169,099|" 313,948
"
20150502|Golden State Warriors|+ 11,219 Today 2,950,738|" 705,054
"
20150502|NBA|+ 6,187 Today 26,330,219|" 14,140,422
"
20150502|Chicago Bulls|+ 4,537 Today 17,493,722|" 2,114,917
"
20150502|San Antonio Spurs|+ 4,354 Today 5,722,657|" 972,114
"
20150502|Cleveland Cavaliers|+ 3,088 Today 3,507,063|" 721,445
"
20150502|Los Angeles Clippers|+ 2,728 Today 3,138,203|" 726,175
"
20150502|Miami Heat|+ 2,653 Today 15,876,761|" 3,000,116
"
20150502|Houston Rockets|+ 2,631 Today 2,975,665|" 683,747
"
20150502|Los Angeles Lakers|+ 1,926 Today 21,077,675|" 4,272,901
"
20150502|Oklahoma City Thunder|+ 1,673 Today 5,477,502|" 1,045,083
"
20150502|Indiana Pacers|+ 1,600 Today 2,902,164|" 556,830
"
20150502|Brooklyn Nets|+ 1,538 Today 2,531,014|" 556,336
"
20150502|Atlanta Hawks|+ 1,517 Today 1,237,122|" 349,350
"
20150502|Portland Trail Blazers|+ 1,449 Today 1,995,247|" 443,860
"
20150502|Memphis Grizzlies|+ 1,412 Today 1,491,423|" 402,438
"
20150502|New Orleans Hornets|+ 1,408 Today 1,273,611|" 340,623
"
20150502|Dallas Mavericks|+ 1,404 Today 4,165,391|" 661,346
"
20150502|Milwaukee Bucks|+ 1,172 Today 999,641|" 332,609
"
20150502|Minnesota Timberwolves|+ 1,097 Today 1,411,653|" 344,706
"
20150502|Toronto Raptors|+ 1,042 Today 1,640,451|" 745,193
"
20150705|Golden State Warriors|+ 3,086 Today 4,284,624|" 982,785
"
20150705|NBA|+ 1,991 Today 27,181,980|" 15,817,190
"
20150705|Cleveland Cavaliers|+ 1,816 Today 4,149,844|" 860,978
"
20150705|San Antonio Spurs|+ 749 Today 5,894,021|" 1,023,724
"
20150705|Houston Rockets|+ 479 Today 3,210,231|" 755,253
"
20150705|Dallas Mavericks|+ 436 Today 4,253,334|" 700,962
"
20150705|Sacramento Kings|+ 349 Today 1,315,530|" 351,260
"
20150705|Charlotte Bobcats|+ 342 Today 1,358,911|" 388,858
"
20150705|Minnesota Timberwolves|+ 323 Today 1,485,393|" 364,697
"
20150705|Indiana Pacers|+ 318 Today 2,988,776|" 583,277
"
20150705|Atlanta Hawks|+ 302 Today 1,347,723|" 382,770
"
20150705|Los Angeles Clippers|+ 299 Today 3,298,206|" 770,584
"
20150705|Orlando Magic|+ 287 Today 2,608,156|" 1,282,375
"
20150705|Milwaukee Bucks|+ 278 Today 1,057,422|" 351,510
"
20150705|Portland Trail Blazers|+ 276 Today 2,070,143|" 467,340
"
20150705|Toronto Raptors|+ 261 Today 1,705,188|" 794,867
"
20150705|Washington Wizards|+ 254 Today 1,158,797|" 396,846
"
20150705|New Orleans Hornets|+ 246 Today 1,353,332|" 357,776
"
20150705|Brooklyn Nets|+ 240 Today 2,601,399|" 572,871
"
20150705|Memphis Grizzlies|+ 212 Today 1,579,295|" 428,222
"
20151023|Golden State Warriors|+ 1,482 Today 4,563,843|" 1,119,381
"
20151023|NBA|+ 1,139 Today 27,411,707|" 17,579,087
"
20151023|Cleveland Cavaliers|+ 896 Today 4,389,503|" 924,064
"
20151023|Los Angeles Clippers|+ 815 Today 3,378,189|" 800,309
"
20151023|Chicago Bulls|+ 614 Today 17,953,891|" 2,378,092
"
20151023|Houston Rockets|+ 454 Today 3,309,886|" 806,835
"
20151023|Sacramento Kings|+ 424 Today 1,390,750|" 373,295
"
20151023|Miami Heat|+ 409 Today 16,040,605|" 3,162,819
"
20151023|San Antonio Spurs|+ 408 Today 5,997,291|" 1,078,457
"
20151023|Los Angeles Lakers|+ 389 Today 21,239,485|" 4,504,756
"
20151023|Charlotte Bobcats|+ 330 Today 1,441,110|" 414,419
"
20151023|Indiana Pacers|+ 287 Today 3,036,387|" 606,272
"
20151023|Oklahoma City Thunder|+ 247 Today 5,603,104|" 1,116,192
"
20151023|Atlanta Hawks|+ 229 Today 1,398,485|" 408,403
"
20151023|New Orleans Hornets|+ 202 Today 1,415,138|" 375,115
"
20151023|Minnesota Timberwolves|+ 199 Today 1,543,256|" 382,690
"
20151023|New York Knicks|+ 151 Today 5,665,344|" 1,259,144
"
20151023|Milwaukee Bucks|+ 147 Today 1,121,762|" 373,720
"
20151023|Memphis Grizzlies|+ 143 Today 1,618,196|" 451,324
"
20151023|Portland Trail Blazers|+ 135 Today 2,107,366|" 486,594
"
20160407|NBA|+ 352 Today 29,309,612|" 20,933,861
"
20160407|Golden State Warriors|+ 328 Today 6,649,964|" 1,557,334
"
20160407|Cleveland Cavaliers|+ 157 Today 5,058,555|" 1,088,118
"
20160407|San Antonio Spurs|+ 120 Today 6,553,485|" 1,227,793
"
20160407|Oklahoma City Thunder|+ 73 Today 5,944,043|" 1,243,666
"
20160407|Los Angeles Lakers|+ 56 Today 21,482,079|" 4,720,419
"
20160407|Los Angeles Clippers|+ 56 Today 3,653,155|" 907,413
"
20160407|Miami Heat|+ 54 Today 16,134,828|" 3,295,415
"
20160407|Portland Trail Blazers|+ 54 Today 2,274,046|" 554,300
"
20160407|Houston Rockets|+ 51 Today 3,581,915|" 941,662
"
20160407|Chicago Bulls|+ 49 Today 18,280,034|" 2,555,401
"
20160407|Charlotte Bobcats|+ 48 Today 1,644,483|" 495,802
"
20160407|Milwaukee Bucks|+ 47 Today 1,285,958|" 446,875
"
20160407|Minnesota Timberwolves|+ 44 Today 1,668,503|" 445,244
"
20160407|Indiana Pacers|+ 42 Today 3,216,877|" 692,973
"
20160407|Toronto Raptors|+ 36 Today 1,942,766|" 1,029,606
"
20160407|Sacramento Kings|+ 36 Today 1,635,035|" 444,435
"
20160407|Memphis Grizzlies|+ 35 Today 1,753,766|" 531,175
"
20160407|New Orleans Hornets|+ 34 Today 1,564,964|" 442,547
"
20160407|Dallas Mavericks|+ 30 Today 4,432,228|" 846,918
"
20160507|Golden State Warriors|+ 4,860 Today 7,182,473|" 1,658,052
"
20160507|NBA|+ 3,853 Today 29,684,141|" 21,461,924
"
20160507|Cleveland Cavaliers|+ 3,511 Today 5,261,890|" 1,126,904
"
20160507|Oklahoma City Thunder|+ 2,449 Today 6,089,298|" 1,274,573
"
20160507|San Antonio Spurs|+ 2,244 Today 6,697,334|" 1,264,718
"
20160507|Chicago Bulls|+ 1,666 Today 18,418,859|" 2,601,638
"
20160507|Houston Rockets|+ 1,188 Today 3,650,916|" 978,283
"
20160507|Washington Wizards|+ 1,082 Today 1,435,923|" 490,780
"
20160507|Detroit Pistons|+ 1,062 Today 1,735,115|" 515,768
"
20160507|Los Angeles Lakers|+ 934 Today 21,697,691|" 4,795,966
"
20160507|Los Angeles Clippers|+ 779 Today 3,711,387|" 926,522
"
20160507|Minnesota Timberwolves|+ 674 Today 1,740,383|" 455,543
"
20160507|Boston Celtics|+ 526 Today 8,693,675|" 1,859,515
"
20160507|Toronto Raptors|+ 517 Today 1,997,063|" 1,072,847
"
20160507|Indiana Pacers|+ 429 Today 3,251,147|" 711,058
"
20160507|Atlanta Hawks|+ 371 Today 1,556,933|" 521,298
"
20160507|New York Knicks|+ 348 Today 5,887,400|" 1,388,366
"
20160507|Portland Trail Blazers|+ 347 Today 2,308,262|" 571,058
"
20160507|Brooklyn Nets|+ 283 Today 2,720,030|" 645,319
"
20160507|Charlotte Bobcats|+ 275 Today 1,684,835|" 512,501
"
20160709|NBA|+ 4,086 Today 30,859,061|" 22,337,193
"
20160709|Golden State Warriors|+ 3,826 Today 8,695,489|" 2,144,244
"
20160709|Cleveland Cavaliers|+ 3,371 Today 6,661,673|" 1,386,882
"
20160709|Chicago Bulls|+ 832 Today 18,657,979|" 2,721,974
"
20160709|Los Angeles Lakers|+ 748 Today 21,834,886|" 4,991,158
"
20160709|Miami Heat|+ 747 Today 16,235,311|" 3,444,808
"
20160709|Oklahoma City Thunder|+ 657 Today 6,518,908|" 1,376,918
"
20160709|New York Knicks|+ 589 Today 6,070,171|" 1,457,857
"
20160709|Brooklyn Nets|+ 467 Today 2,783,877|" 669,079
"
20160709|San Antonio Spurs|+ 366 Today 6,886,521|" 1,447,329
"
20160709|Milwaukee Bucks|+ 224 Today 1,384,471|" 492,214
"
20160709|Philadelphia 76ers|+ 222 Today 1,495,728|" 665,081
"
20160709|Toronto Raptors|+ 208 Today 2,138,927|" 1,169,399
"
20160709|Orlando Magic|+ 168 Today 2,760,573|" 1,364,319
"
20160709|Portland Trail Blazers|+ 162 Today 2,371,856|" 606,905
"
20160709|Los Angeles Clippers|+ 158 Today 3,816,402|" 966,406
"
20160709|Minnesota Timberwolves|+ 150 Today 1,807,868|" 490,463
"
20160709|Houston Rockets|+ 146 Today 3,789,588|" 1,065,274
"
20160709|Boston Celtics|+ 135 Today 8,779,438|" 1,914,117
"
20160709|Washington Wizards|+ 134 Today 1,508,543|" 515,330
"
20170121|Golden State Warriors|+ 7,541 Today 10,101,130|" 2,931,305
"
20170121|NBA|+ 6,370 Today 32,077,593|" 24,059,919
"
20170121|Cleveland Cavaliers|+ 5,153 Today 7,978,094|" 1,773,458
"
20170121|Oklahoma City Thunder|+ 3,083 Today 7,246,622|" 1,588,813
"
20170121|Chicago Bulls|+ 1,517 Today 18,900,915|" 3,234,064
"
20170121|San Antonio Spurs|+ 546 Today 7,089,170|" 1,834,896
"
20170121|Los Angeles Lakers|+ 13 Today 21,883,308|" 5,666,816
"
20170121|New York Knicks|+ 0 Today 6,122,514|" 1,654,709
"
20170121|Orlando Magic|+ 0 Today 2,763,442|" 1,450,391
"
20170121|Houston Rockets|+ 0 Today 3,816,838|" 1,387,173
"
20170121|Toronto Raptors|+ 0 Today 2,183,157|" 1,313,567
"
20170121|Dallas Mavericks|+ 0 Today 4,521,401|" 1,127,348
"
20170121|Los Angeles Clippers|+ 0 Today 3,848,525|" 1,079,557
"
20170121|Indiana Pacers|+ 0 Today 3,316,956|" 852,237
"
20170121|Atlanta Hawks|+ 0 Today 1,601,871|" 831,706
"
20170121|Philadelphia 76ers|+ 0 Today 1,527,086|" 816,517
"
20170121|Portland Trail Blazers|+ 0 Today 2,395,011|" 718,280
"
20170121|Brooklyn Nets|+ 0 Today 2,798,156|" 712,062
"
20170121|Memphis Grizzlies|+ 0 Today 1,811,353|" 682,546
"
20170121|Phoenix Suns|+ 0 Today 1,890,521|" 666,423
"
20170311|Oklahoma City Thunder|+ 3,381 Today 7,505,478|" 1,717,570
"
20170311|NBA|+ 1,756 Today 32,617,238|" 24,466,666
"
20170311|Golden State Warriors|+ 1,648 Today 10,422,689|" 3,225,659
"
20170311|Cleveland Cavaliers|+ 1,568 Today 8,296,873|" 1,940,521
"
20170311|San Antonio Spurs|+ 118 Today 7,150,098|" 2,050,073
"
20170311|Chicago Bulls|+ 24 Today 18,933,450|" 3,387,815
"
20170311|New York Knicks|+ 0 Today 6,122,514|" 1,727,675
"
20170311|Houston Rockets|+ 0 Today 3,816,838|" 1,538,674
"
20170311|Orlando Magic|+ 0 Today 2,763,442|" 1,484,086
"
20170311|Toronto Raptors|+ 0 Today 2,183,157|" 1,358,211
"
20170311|Dallas Mavericks|+ 0 Today 4,521,401|" 1,188,882
"
20170311|Los Angeles Clippers|+ 0 Today 3,848,525|" 1,113,930
"
20170311|Atlanta Hawks|+ 0 Today 1,601,871|" 899,238
"
20170311|Indiana Pacers|+ 0 Today 3,316,956|" 881,080
"
20170311|Philadelphia 76ers|+ 0 Today 1,527,086|" 870,656
"
20170311|Portland Trail Blazers|+ 0 Today 2,395,011|" 773,120
"
20170311|Brooklyn Nets|+ 0 Today 2,798,156|" 733,917
"
20170311|Memphis Grizzlies|+ 0 Today 1,811,353|" 715,382
"
20170311|Phoenix Suns|+ 0 Today 1,890,521|" 704,559
"
20170311|Charlotte Bobcats|+ 0 Today 1,735,330|" 676,747
"
20170608|Golden State Warriors|+ 23,571 Today 10,941,412|" 3,694,927
"
20170608|NBA|+ 17,620 Today 33,567,512|" 25,318,038
"
20170608|Cleveland Cavaliers|+ 12,487 Today 8,716,054|" 2,164,944
"
20170608|San Antonio Spurs|+ 618 Today 7,263,234|" 2,355,571
"
20170608|Boston Celtics|+ 264 Today 8,846,854|" 2,368,466
"
20170608|Oklahoma City Thunder|+ 102 Today 7,669,061|" 1,850,647
"
20170608|Los Angeles Lakers|+ 67 Today 21,806,028|" 6,301,375
"
20170608|New York Knicks|+ 0 Today 6,122,514|" 1,792,247
"
20170608|Houston Rockets|+ 0 Today 3,816,838|" 1,728,131
"
20170608|Orlando Magic|+ 0 Today 2,763,442|" 1,507,966
"
20170608|Toronto Raptors|+ 0 Today 2,183,157|" 1,407,704
"
20170608|Dallas Mavericks|+ 0 Today 4,521,401|" 1,268,184
"
20170608|Los Angeles Clippers|+ 0 Today 3,848,525|" 1,179,879
"
20170608|Atlanta Hawks|+ 0 Today 1,601,871|" 999,997
"
20170608|Indiana Pacers|+ 0 Today 3,316,956|" 937,659
"
20170608|Philadelphia 76ers|+ 0 Today 1,527,086|" 933,467
"
20170608|Portland Trail Blazers|+ 0 Today 2,395,011|" 829,195
"
20170608|Memphis Grizzlies|+ 0 Today 1,811,353|" 773,602
"
20170608|Brooklyn Nets|+ 0 Today 2,798,156|" 762,368
"
20170608|Phoenix Suns|+ 0 Today 1,890,521|" 757,858
"
20171204|Golden State Warriors|+ 866 Today 11,014,191|" 5,060,186
"
20171204|NBA|+ 660 Today 34,572,654|" 26,990,650
"
20171204|Oklahoma City Thunder|+ 413 Today 7,251,546|" 2,317,738
"
20171204|Cleveland Cavaliers|+ 381 Today 8,590,613|" 2,847,811
"
20171204|Boston Celtics|+ 105 Today 8,958,845|" 2,959,271
"
20171204|Houston Rockets|+ 0 Today 3,816,838|" 2,260,743
"
20171204|New York Knicks|+ 0 Today 6,122,514|" 1,978,558
"
20171204|Orlando Magic|+ 0 Today 2,763,442|" 1,574,768
"
20171204|Toronto Raptors|+ 0 Today 2,183,157|" 1,568,313
"
20171204|Dallas Mavericks|+ 0 Today 4,521,401|" 1,427,692
"
20171204|Los Angeles Clippers|+ 0 Today 3,848,525|" 1,335,054
"
20171204|Philadelphia 76ers|+ 0 Today 1,527,086|" 1,303,912
"
20171204|Atlanta Hawks|+ 0 Today 1,601,871|" 1,150,511
"
20171204|Portland Trail Blazers|+ 0 Today 2,395,011|" 1,066,894
"
20171204|Indiana Pacers|+ 0 Today 3,316,956|" 1,048,409
"
20171204|Phoenix Suns|+ 0 Today 1,890,521|" 950,078
"
20171204|Sacramento Kings|+ 0 Today 1,759,348|" 887,535
"
20171204|Memphis Grizzlies|+ 0 Today 1,811,353|" 875,913
"
20171204|Brooklyn Nets|+ 0 Today 2,798,156|" 846,477
"
20171204|Charlotte Bobcats|+ 0 Today 1,735,330|" 835,301
"
20180326|Cleveland Cavaliers|+ 465 Today 8,683,492|" 3,156,022
"
20180326|Houston Rockets|+ 0 Today 3,816,838|" 2,537,086
"
20180326|New York Knicks|+ 0 Today 6,122,514|" 2,071,916
"
20180326|Orlando Magic|+ 0 Today 2,763,442|" 1,590,706
"
20180326|Dallas Mavericks|+ 0 Today 4,521,401|" 1,481,365
"
20180326|Philadelphia 76ers|+ 0 Today 1,527,086|" 1,459,120
"
20180326|Los Angeles Clippers|+ 0 Today 3,848,525|" 1,367,245
"
20180326|Atlanta Hawks|+ 0 Today 1,601,871|" 1,193,968
"
20180326|Portland Trail Blazers|+ 0 Today 2,395,011|" 1,130,784
"
20180326|Indiana Pacers|+ 0 Today 3,316,956|" 1,108,937
"
20180326|Phoenix Suns|+ 0 Today 1,890,521|" 989,494
"
20180326|Sacramento Kings|+ 0 Today 1,759,348|" 960,843
"
20180326|Memphis Grizzlies|+ 0 Today 1,811,353|" 920,673
"
20180326|Brooklyn Nets|+ 0 Today 2,798,156|" 880,985
"
20180326|Charlotte Bobcats|+ 0 Today 1,735,330|" 875,250
"
20180326|Milwaukee Bucks|+ 0 Today 1,422,203|" 872,901
"
20180326|Minnesota Timberwolves|+ 0 Today 1,842,588|" 851,553
"
20180326|Washington Wizards|+ 0 Today 1,527,274|" 849,025
"
20180326|Detroit Pistons|+ 0 Today 1,861,433|" 846,519
"
20180326|New Orleans Hornets|+ 0 Today 1,635,223|" 803,509
"
20180627|Los Angeles Lakers|+ 0 Today 21,517,005|" 7,386,593
"
20180627|Golden State Warriors|+ 0 Today 11,090,045|" 5,632,164
"
20180627|Miami Heat|+ 0 Today 15,725,112|" 4,677,620
"
20180627|Chicago Bulls|+ 0 Today 18,348,990|" 4,089,126
"
20180627|San Antonio Spurs|+ 0 Today 7,197,318|" 3,316,065
"
20180627|Boston Celtics|+ 0 Today 9,001,771|" 3,205,116
"
20180627|Cleveland Cavaliers|+ 0 Today 8,684,397|" 3,156,022
"
20180627|Oklahoma City Thunder|+ 0 Today 7,241,583|" 2,554,687
"
20180627|Houston Rockets|+ 0 Today 3,816,838|" 2,537,086
"
20180627|New York Knicks|+ 0 Today 6,122,514|" 2,071,916
"
20180627|Orlando Magic|+ 0 Today 2,763,442|" 1,590,706
"
20180627|Dallas Mavericks|+ 0 Today 4,521,401|" 1,481,365
"
20180627|Philadelphia 76ers|+ 0 Today 1,527,086|" 1,459,120
"
20180627|Los Angeles Clippers|+ 0 Today 3,848,525|" 1,367,245
"
20180627|Atlanta Hawks|+ 0 Today 1,601,871|" 1,193,968
"
20180627|Portland Trail Blazers|+ 0 Today 2,395,011|" 1,130,784
"
20180627|Indiana Pacers|+ 0 Today 3,316,956|" 1,108,937
"
20180627|Phoenix Suns|+ 0 Today 1,890,521|" 989,494
"
20180627|Sacramento Kings|+ 0 Today 1,759,348|" 960,843
"
20180627|Memphis Grizzlies|+ 0 Today 1,811,353|" 920,673
"
20180830|Los Angeles Lakers|+ 0 Today 21,517,005|" 7,386,593
"
20180830|Golden State Warriors|+ 0 Today 11,090,045|" 5,632,164
"
20180830|Miami Heat|+ 0 Today 15,725,112|" 4,677,620
"
20180830|Chicago Bulls|+ 0 Today 18,348,990|" 4,089,126
"
20180830|San Antonio Spurs|+ 0 Today 7,197,318|" 3,316,065
"
20180830|Boston Celtics|+ 0 Today 9,001,771|" 3,205,116
"
20180830|Cleveland Cavaliers|+ 0 Today 8,684,397|" 3,156,022
"
20180830|Oklahoma City Thunder|+ 0 Today 7,241,583|" 2,554,687
"
20180830|Houston Rockets|+ 0 Today 3,816,838|" 2,537,086
"
20180830|New York Knicks|+ 0 Today 6,122,514|" 2,071,916
"
20180830|Orlando Magic|+ 0 Today 2,763,442|" 1,590,706
"
20180830|Dallas Mavericks|+ 0 Today 4,521,401|" 1,481,365
"
20180830|Philadelphia 76ers|+ 0 Today 1,527,086|" 1,459,120
"
20180830|Los Angeles Clippers|+ 0 Today 3,848,525|" 1,367,245
"
20180830|Atlanta Hawks|+ 0 Today 1,601,871|" 1,193,968
"
20180830|Portland Trail Blazers|+ 0 Today 2,395,011|" 1,130,784
"
20180830|Indiana Pacers|+ 0 Today 3,316,956|" 1,108,937
"
20180830|Phoenix Suns|+ 0 Today 1,890,521|" 989,494
"
20180830|Sacramento Kings|+ 0 Today 1,759,348|" 960,843
"
20180830|Memphis Grizzlies|+ 0 Today 1,811,353|" 920,673
"
20180908|Los Angeles Lakers|" 21,517,005
69,827 Talking About
"|" 7,386,593
"
20180908|Golden State Warriors|" 11,090,045
120,993 Talking About
"|" 5,632,164
"
20180908|Miami Heat|" 15,725,112
158,024 Talking About
"|" 4,677,620
"
20180908|Chicago Bulls|" 18,348,990
140,511 Talking About
"|" 4,089,126
"
20180908|San Antonio Spurs|" 7,197,318
113,352 Talking About
"|" 3,316,065
"
20180908|Boston Celtics|" 9,001,771
94,689 Talking About
"|" 3,205,116
"
20180908|Cleveland Cavaliers|" 8,684,397
220,511 Talking About
"|" 3,156,022
"
20180908|Oklahoma City Thunder|" 7,241,583
29,405 Talking About
"|" 2,554,687
"
20180908|Houston Rockets|" 3,816,838
85,494 Talking About
"|" 2,537,086
"
20180908|New York Knicks|" 6,122,514
173,055 Talking About
"|" 2,071,916
"
20180908|Orlando Magic|" 2,763,442
41,126 Talking About
"|" 1,590,706
"
20180908|Dallas Mavericks|" 4,521,401
50,538 Talking About
"|" 1,481,365
"
20180908|Philadelphia 76ers|" 1,527,086
63,561 Talking About
"|" 1,459,120
"
20180908|Los Angeles Clippers|" 3,848,525
56,163 Talking About
"|" 1,367,245
"
20180908|Atlanta Hawks|" 1,601,871
36,099 Talking About
"|" 1,193,968
"
20180908|Portland Trail Blazers|" 2,395,011
155,908 Talking About
"|" 1,130,784
"
20180908|Indiana Pacers|" 3,316,956
69,357 Talking About
"|" 1,108,937
"
20180908|Phoenix Suns|" 1,890,521
21,996 Talking About
"|" 989,494
"
20180908|Sacramento Kings|" 1,759,348
55,597 Talking About
"|" 960,843
"
20180908|Memphis Grizzlies|" 1,811,353
25,238 Talking About
"|" 920,673
"
